Wall time,Step,Value
1745191586.3578587,822000,-573.2434692382812
1745193560.6131556,2175600,-538.7482299804688
1745194513.5838597,2822400,-671.3753051757812
1745195231.9192955,3333600,-1951.874267578125
1745195411.0404408,3465600,-1802.508544921875
1745195695.4783347,3666000,-1874.8896484375
1745195765.503063,3716400,-1688.2403564453125
1745195850.2233334,3776400,-1775.9630126953125
1745196093.9015055,3946800,-977.8864135742188
1745196608.8531833,4296000,-417.94097900390625
1745196693.5927465,4352400,-279.23028564453125
1745196800.910253,4423200,-726.569580078125
1745196833.057014,4444800,-1274.4012451171875
1745196882.122027,4477200,-1240.8067626953125
1745197038.9138496,4580400,-316.35845947265625
1745197212.8518445,4699200,-1256.4456787109375
1745197255.7980726,4729200,-1410.3052978515625
1745197269.3619757,4738800,-1644.44482421875
1745197320.3893993,4774800,-1743.626953125
1745197728.8316324,5056800,-1778.7645263671875
1745197746.017985,5068800,-1779.0059814453125
1745197821.7809844,5121600,-981.7866821289062
1745197842.5235126,5136000,-1836.37353515625
1745198117.1830385,5326800,-1404.4088134765625
1745198142.9647734,5344800,-1649.3114013671875
1745198250.3752644,5418000,-1179.1817626953125
1745198289.6575644,5444400,-1593.351318359375
1745198347.2420514,5482800,-732.7465209960938
1745198445.279595,5547600,-1060.8543701171875
1745198585.1653912,5638800,-276.6742858886719
1745198588.7989671,5641200,-306.6341247558594
1745198820.272582,5792400,-237.4423065185547
1745198853.295254,5814000,-210.30926513671875
1745198971.0157146,5890800,-287.91485595703125
1745199039.2791836,5935200,-352.8759765625
1745199103.873592,5977200,-221.2870635986328
1745199118.6274407,5986800,-210.54299926757812
1745199158.7435374,6006000,-180.1931915283203
1745199268.2369788,6076800,-126.37255096435547
1745199279.3048344,6084000,-174.57557678222656
1745199303.4766893,6099600,-432.1878967285156
1745199436.5159304,6186000,-784.2026977539062
1745199454.882056,6198000,-134.817626953125
1745199465.914878,6205200,-593.7827758789062
1745199512.0553513,6235200,-139.07174682617188
1745199596.9102023,6290400,-85.2090835571289
1745199637.5472798,6316800,-113.98400115966797
1745199717.0264285,6368400,-84.75211334228516
1745199810.875004,6429600,-33.21538543701172
1745199812.7466037,6430800,30.648956298828125
1745199814.5986862,6432000,51.2813720703125
1745199833.0774453,6444000,-55.28753662109375
1745199844.0499306,6451200,11.209027290344238
1745199946.6544569,6518400,43.46084976196289
1745199994.526373,6549600,-25.404563903808594
1745200045.8601031,6583200,2.085153341293335
1745200128.1647797,6637200,22.223146438598633
1745200137.261114,6643200,7.024182319641113
1745200144.5737097,6648000,-17.7039737701416
1745200183.1140437,6673200,-26.57428550720215
1745200203.272523,6686400,37.04518127441406
1745200214.1839368,6693600,27.7969970703125
1745200217.8268652,6696000,26.967199325561523
1745200228.8011577,6703200,34.526161193847656
1745200230.6353853,6704400,62.88641357421875
1745200245.3247235,6714000,20.33424186706543
1745200250.8618395,6717600,2.898268461227417
1745200267.3191621,6728400,48.33023452758789
1745200278.2552288,6735600,51.191097259521484
1745200281.9126027,6738000,-374.1370544433594
1745200289.1986148,6742800,37.441349029541016
1745200300.1592216,6750000,25.086978912353516
1745200311.2375884,6757200,21.812294006347656
1745200322.246699,6764400,22.963157653808594
1745200386.2347054,6806400,35.027034759521484
1745200422.7456756,6830400,32.99920654296875
1745200439.2700815,6841200,51.250885009765625
1745200459.5042284,6854400,68.90828704833984
1745200463.1843936,6856800,36.31574249267578
1745200494.0821674,6877200,-1710.86376953125
1745200743.9543495,7041600,22.533523559570312
1745200754.854712,7048800,46.331451416015625
1745200802.4972126,7080000,35.30410385131836
1745200815.1979485,7088400,20.399003982543945
1745200824.3796651,7094400,27.7413272857666
1745200826.1662664,7095600,57.354312896728516
1745200842.5726063,7106400,12.830574035644531
1745200846.2373478,7108800,33.93413543701172
1745200915.745738,7154400,31.504064559936523
1745200952.2968948,7178400,54.3080940246582
1745200959.6128304,7183200,86.79573822021484
1745200965.1250196,7186800,-27.121007919311523
1745200972.557642,7191600,72.62515258789062
1745201025.864138,7219200,-6.400907039642334
1745201027.7385664,7220400,55.664913177490234
1745201033.27762,7224000,57.28791427612305
1745201036.9829843,7226400,60.81027603149414
1745201082.8908951,7256400,30.486560821533203
1745201099.323736,7267200,52.40610122680664
1745201115.778723,7278000,20.65701675415039
1745201128.69786,7286400,-37.54426956176758
1745201176.3868544,7317600,50.44282913208008
1745201183.7232177,7322400,34.343631744384766
1745201189.2364466,7326000,50.98124313354492
1745201198.4581203,7332000,48.633296966552734
1745201209.5982592,7339200,61.184417724609375
1745201222.452652,7347600,29.517065048217773
1745201229.8537567,7352400,22.125093460083008
1745201233.523629,7354800,53.33628845214844
1745201259.3835206,7371600,29.812591552734375
1745201272.388227,7380000,33.943111419677734
1745201329.2222772,7417200,46.59611511230469
1745201338.4448745,7423200,56.058963775634766
1745201342.1134443,7425600,45.64861297607422
1745201343.926851,7426800,42.30820846557617
1745201353.0615232,7432800,16.12225341796875
1745201360.4220119,7437600,15.84096622467041
1745201373.2885575,7446000,20.532861709594727
1745201391.7304146,7458000,49.115596771240234
1745201415.5966809,7473600,2.991055488586426
1745201424.805061,7479600,43.082340240478516
1745201430.2449403,7483200,-1491.1851806640625
1745201454.0929894,7498800,46.15393829345703
1745201481.7266624,7516800,70.9386978149414
1745201483.5480654,7518000,67.23443603515625
1745201494.5605116,7525200,46.28712463378906
1745201509.2181492,7534800,14.922266006469727
1745201527.4997633,7546800,-339.715576171875
1745201531.194428,7549200,49.16645050048828
1745201536.6643183,7552800,31.25502586364746
1745201540.3713884,7555200,66.54808807373047
1745201545.844594,7558800,12.516722679138184
1745201551.3118052,7562400,44.777835845947266
1745201567.749834,7573200,34.05458068847656
1745201569.559474,7574400,61.5827522277832
1745201582.4484618,7582800,54.76832962036133
1745201617.3185315,7605600,47.86759948730469
1745201635.6796925,7617600,32.87886428833008
1745201637.5105283,7618800,-1.8439371585845947
1745201650.3341444,7627200,60.607303619384766
1745201652.184801,7628400,-104.98289489746094
1745201653.9714704,7629600,-1386.1552734375
1745201655.7834942,7630800,37.468666076660156
1745201670.5593786,7640400,50.61742401123047
1745201681.5563664,7647600,-286.9474792480469
1745201716.414639,7670400,52.167789459228516
1745201718.2362015,7671600,60.80232238769531
1745201727.4341748,7677600,56.13691711425781
1745201742.174232,7687200,54.84181213378906
1745201747.6922796,7690800,48.35326385498047
1745201749.5051224,7692000,58.5560188293457
1745201753.215068,7694400,52.193817138671875
1745201791.6972075,7719600,65.17634582519531
1745201795.386366,7722000,54.82965850830078
1745201828.613287,7743600,35.95237731933594
1745201856.205228,7761600,43.69474411010742
1745201858.0189598,7762800,-31.17716407775879
1745201859.887875,7764000,46.02791213989258
1745201867.1795664,7768800,-2.2422115802764893
1745201881.9837625,7778400,66.65094757080078
1745201885.6229007,7780800,29.43401527404785
1745201887.480448,7782000,48.0372200012207
1745201892.9698842,7785600,31.066625595092773
1745201902.5636382,7791600,-132.7571258544922
1745201919.797224,7802400,54.648468017578125
1745201925.500986,7806000,52.11569595336914
1745201942.7756329,7816800,51.500614166259766
1745201944.6768122,7818000,32.44346237182617
1745201969.4636922,7833600,21.14484977722168
1745201971.4046345,7834800,-290.7222595214844
1745201982.8729706,7842000,55.63434600830078
1745201984.7757704,7843200,45.03491973876953
1745201992.469801,7848000,53.89891052246094
1745201996.2444043,7850400,38.10334396362305
1745202000.0832171,7852800,72.4940414428711
1745202005.7940142,7856400,55.37556076049805
1745202009.6843767,7858800,53.54717254638672
1745202030.696422,7872000,60.848819732666016
1745202036.4627395,7875600,93.01107025146484
1745202053.6110282,7886400,59.665767669677734
1745202068.4893742,7896000,47.721923828125
1745202094.3630128,7912800,31.8489933013916
1745202096.2332103,7914000,31.608348846435547
1745202103.5417316,7918800,-1876.646728515625
1745202123.8265405,7932000,60.19124984741211
1745202131.1086276,7936800,48.384918212890625
1745202143.9620419,7945200,12.194403648376465
1745202145.8464782,7946400,45.833099365234375
1745202173.4598162,7964400,14.397496223449707
1745202178.9766114,7968000,26.81307601928711
1745202188.1565285,7974000,60.71330642700195
1745202189.9850786,7975200,64.58700561523438
1745202204.6754754,7984800,-188.87973022460938
1745202212.0044925,7989600,50.03260040283203
1745202213.8851266,7990800,50.287254333496094
1745202224.976054,7998000,36.1356315612793
1745202239.7454329,8007600,62.122196197509766
1745202272.9595797,8029200,56.04475021362305
1745202293.3669765,8042400,84.06758880615234
1745202304.377926,8049600,42.829261779785156
1745202313.5218983,8055600,71.44893646240234
1745202320.8580441,8060400,-47.55965042114258
1745202330.018873,8066400,37.4101448059082
1745202348.3135703,8078400,62.639862060546875
1745202350.1719882,8079600,64.23621368408203
1745202355.732637,8083200,31.57513999938965
1745202370.5136917,8092800,65.36335754394531
1745202372.3427956,8094000,62.9753532409668
1745202379.6635456,8098800,61.51179122924805
1745202387.0727074,8103600,77.19290924072266
1745202398.1103845,8110800,58.16861343383789
1745202399.9279523,8112000,46.903568267822266
1745202409.059264,8118000,23.299020767211914
1745202418.264431,8124000,35.064613342285156
1745202420.097795,8125200,47.30645751953125
1745202421.9369538,8126400,27.74446678161621
1745202425.646687,8128800,-16.777673721313477
1745202427.4832313,8130000,52.030330657958984
1745202438.4810338,8137200,51.92977523803711
1745202445.862713,8142000,56.73644256591797
1745202480.764554,8164800,29.150062561035156
1745202482.6287768,8166000,10.687355995178223
1745202486.26165,8168400,19.61518669128418
1745202513.9616215,8186400,-714.5804443359375
1745202515.7776344,8187600,26.007896423339844
1745202536.084463,8200800,26.461933135986328
1745202541.5991015,8204400,100.00402069091797
1745202548.9310474,8209200,54.50831985473633
1745202552.6004615,8211600,54.30310821533203
1745202565.5325444,8220000,67.84347534179688
1745202567.407199,8221200,46.803646087646484
1745202574.7305856,8226000,20.17798614501953
1745202581.994451,8230800,-16.201967239379883
1745202583.8412592,8232000,58.48807144165039
1745202596.6374648,8240400,61.27937316894531
1745202598.4588103,8241600,62.941162109375
1745202602.1292326,8244000,48.89582061767578
1745202609.4229379,8248800,47.01416778564453
1745202627.8773549,8260800,59.13212203979492
1745202642.6129484,8270400,56.72889709472656
1745202644.4281795,8271600,39.589073181152344
1745202649.9452996,8275200,69.29850769042969
1745202659.1430647,8281200,86.46154022216797
1745202660.962764,8282400,39.71420669555664
1745202662.7913954,8283600,39.59646987915039
1745202675.6363702,8292000,28.635719299316406
1745202677.455092,8293200,56.12700271606445
1745202681.1630945,8295600,58.204654693603516
1745202682.9850085,8296800,60.709617614746094
1745202692.1397893,8302800,61.5456428527832
1745202693.979956,8304000,49.14753723144531
1745202697.6816115,8306400,68.8772964477539
1745202703.1754174,8310000,47.19649124145508
1745202704.9930139,8311200,44.86738204956055
1745202706.8637688,8312400,45.36772155761719
1745202717.8749902,8319600,38.84257888793945
1745202725.1943045,8324400,28.591360092163086
1745202727.0099385,8325600,64.42777252197266
1745202741.662039,8335200,72.2254409790039
1745202749.019285,8340000,16.352807998657227
1745202750.8023193,8341200,31.08694839477539
1745202754.4696572,8343600,28.233997344970703
1745202772.8534966,8355600,54.927772521972656
1745202780.182855,8360400,62.468536376953125
1745202796.6557133,8371200,55.05929946899414
1745202813.2032683,8382000,61.284080505371094
1745202815.0134687,8383200,52.602943420410156
1745202816.8487926,8384400,4.2597527503967285
1745202837.0695708,8397600,49.14939880371094
1745202853.107913,8401200,35.33829879760742
1745202876.8873584,8416800,59.602088928222656
1745202882.38719,8420400,-6.492734432220459
1745202893.3889077,8427600,33.56109619140625
1745202900.7156196,8432400,59.71134948730469
1745202919.0948641,8444400,63.852638244628906
1745202931.9571023,8452800,62.24336242675781
1745202953.9880173,8467200,35.07817077636719
1745202968.6852825,8476800,62.66925048828125
1745202983.4130473,8486400,55.083805084228516
1745202987.1306005,8488800,66.777099609375
1745202992.6331537,8492400,54.744773864746094
1745203000.0052147,8497200,55.677398681640625
1745203003.6419282,8499600,40.58523178100586
1745203025.6402447,8514000,-1812.730224609375
1745203027.512405,8515200,13.748454093933105
1745203034.828202,8520000,78.92190551757812
1745203040.3683827,8523600,35.43318557739258
1745203047.7850862,8528400,73.62445831298828
1745203051.4517934,8530800,50.29344177246094
1745203055.1574907,8533200,60.28977584838867
1745203056.99299,8534400,54.49897384643555
1745203060.678419,8536800,9.409525871276855
1745203075.378363,8546400,45.938514709472656
1745203080.8573802,8550000,58.22087478637695
1745203091.8764908,8557200,43.84408187866211
1745203097.4044893,8560800,36.764644622802734
1745203119.558874,8575200,77.15543365478516
1745203123.2574842,8577600,62.10090637207031
1745203130.6078236,8582400,56.32532501220703
1745203132.4239585,8583600,77.69966125488281
1745203136.089261,8586000,35.214412689208984
1745203145.24576,8592000,51.30545425415039
1745203147.0583754,8593200,65.99281311035156
1745203148.873361,8594400,51.19774627685547
1745203150.7297587,8595600,51.842506408691406
1745203163.6117814,8604000,60.004478454589844
1745203167.3247674,8606400,40.57111358642578
1745203176.5394123,8612400,24.9168701171875
1745203183.8919585,8617200,63.2826042175293
1745203189.4407074,8620800,43.74946594238281
1745203196.8361754,8625600,59.01824188232422
1745203200.5273492,8628000,51.426483154296875
1745203207.8673406,8632800,44.64596939086914
1745203215.199784,8637600,22.619478225708008
1745203217.0225482,8638800,28.335906982421875
1745203220.7326887,8641200,47.111141204833984
1745203229.8992085,8647200,56.40856170654297
1745203231.729815,8648400,56.506675720214844
1745203240.9805806,8654400,63.88843536376953
1745203248.3337214,8659200,21.170610427856445
1745203252.0840003,8661600,-6.805835723876953
1745203255.7618387,8664000,56.12067794799805
1745203257.6502264,8665200,58.6920051574707
1745203265.015381,8670000,48.835731506347656
1745203272.3545487,8674800,52.891265869140625
1745203277.8660002,8678400,41.67860794067383
1745203279.7334356,8679600,68.59516906738281
1745203283.4475205,8682000,42.03947067260742
1745203285.2801037,8683200,38.45119094848633
1745203296.3403313,8690400,52.46228790283203
1745203300.0392957,8692800,62.00519943237305
1745203301.866283,8694000,70.34551239013672
1745203305.5688472,8696400,51.29912185668945
1745203311.1385562,8700000,52.02799606323242
1745203314.731714,8702400,45.76063919067383
1745203318.4535222,8704800,23.260120391845703
1745203322.1863158,8707200,46.827613830566406
1745203327.7576625,8710800,45.77301788330078
1745203331.4336379,8713200,48.73679733276367
1745203336.9678254,8716800,60.94981002807617
1745203340.6867244,8719200,2.1527767181396484
1745203344.3804302,8721600,22.734464645385742
1745203355.425566,8728800,63.15894317626953
1745203370.1718547,8738400,27.64460563659668
1745203373.8431902,8740800,65.3656234741211
1745203375.7252645,8742000,44.04465103149414
1745203377.57447,8743200,43.3870849609375
1745203390.4860177,8751600,43.72468566894531
1745203392.3566542,8752800,47.16443634033203
1745203396.0142152,8755200,61.728004455566406
1745203399.721662,8757600,52.046817779541016
1745203412.607762,8766000,60.91040802001953
1745203421.6941967,8772000,61.83332061767578
1745203423.5538418,8773200,49.063087463378906
1745203425.3901799,8774400,35.75262451171875
1745203438.297586,8782800,47.568145751953125
1745203443.757555,8786400,58.676658630371094
1745203445.618986,8787600,34.54384994506836
1745203454.7876656,8793600,69.42548370361328
1745203456.6643617,8794800,70.03567504882812
1745203462.2497947,8798400,59.105796813964844
1745203464.075997,8799600,39.477333068847656
1745203477.017555,8808000,48.720462799072266
1745203484.3356702,8812800,-212.34580993652344
1745203493.557604,8818800,61.560977935791016
1745203497.212897,8821200,64.68475341796875
1745203499.0854092,8822400,61.398624420166016
1745203506.434179,8827200,55.89469528198242
1745203511.9659648,8830800,-254.9589080810547
1745203515.680412,8833200,60.097320556640625
1745203519.3856702,8835600,62.10074234008789
1745203521.2329638,8836800,49.09969711303711
1745203530.4533012,8842800,38.04638671875
1745203537.8218317,8847600,30.30422592163086
1745203543.35272,8851200,44.384552001953125
1745203547.0430079,8853600,32.15079879760742
1745203558.1040149,8860800,62.5697021484375
1745203559.9307377,8862000,65.16719055175781
1745203563.636516,8864400,66.13106536865234
1745203565.4603407,8865600,61.84114456176758
1745203569.1573222,8868000,59.79261016845703
1745203570.994309,8869200,51.89432144165039
1745203572.8243315,8870400,72.91554260253906
1745203578.4131608,8874000,55.86443328857422
1745203580.275202,8875200,60.46244812011719
1745203589.5298376,8881200,39.45233154296875
1745203595.0656548,8884800,-600.2430419921875
1745203604.2693906,8890800,51.07814025878906
1745203607.9898446,8893200,70.63414001464844
1745203617.2191007,8899200,49.23026657104492
1745203622.7350943,8902800,62.17868423461914
1745203631.8540301,8908800,70.95280456542969
1745203639.2177696,8913600,39.82014846801758
1745203644.733914,8917200,74.24597930908203
1745203646.5635633,8918400,51.788394927978516
1745203648.445764,8919600,65.33184814453125
1745203659.4515953,8926800,52.475399017333984
1745203665.010123,8930400,58.29438781738281
1745203676.1318588,8937600,43.74779510498047
1745203677.939711,8938800,-1492.19580078125
1745203681.6536717,8941200,59.828250885009766
1745203687.1335855,8944800,-457.0340270996094
1745203692.6722834,8948400,53.82015609741211
1745203698.1991205,8952000,47.7867431640625
1745203701.925981,8954400,54.86635971069336
1745203711.1408515,8960400,-19.053356170654297
1745203716.6909697,8964000,52.40385437011719
1745203718.5744212,8965200,56.94728088378906
1745203720.3907163,8966400,58.531150817871094
1745203724.10049,8968800,69.41348266601562
1745203725.932243,8970000,31.17487144470215
1745203727.7648907,8971200,43.87618637084961
1745203729.6428773,8972400,63.926483154296875
1745203731.5151048,8973600,63.80427932739258
1745203733.3534176,8974800,55.36017608642578
1745203740.8231344,8979600,64.36775970458984
1745203742.6439517,8980800,26.146570205688477
1745203744.4750006,8982000,43.081878662109375
1745203748.202933,8984400,55.405731201171875
1745203750.0356102,8985600,46.011104583740234
1745203751.9158704,8986800,59.923458099365234
1745203757.463047,8990400,42.83739471435547
1745203759.27541,8991600,29.124488830566406
1745203761.176562,8992800,64.19844818115234
1745203766.725157,8996400,54.281463623046875
1745203770.3905463,8998800,70.18267059326172
1745203772.2645094,9000000,58.88346481323242
1745203777.8068073,9003600,60.713340759277344
1745203779.6152418,9004800,47.32841110229492
1745203781.4464056,9006000,84.1624526977539
1745203783.3258736,9007200,39.759151458740234
1745203794.439117,9014400,-189.5406494140625
1745203803.6991572,9020400,61.09159851074219
1745203805.5924456,9021600,60.56719207763672
1745203811.1517193,9025200,40.50126647949219
1745203825.965425,9034800,35.12116622924805
1745203827.787681,9036000,-116.90440368652344
1745203831.4629066,9038400,29.68208885192871
1745203833.2554078,9039600,49.976436614990234
1745203835.071977,9040800,58.7493896484375
1745203836.93146,9042000,69.46939086914062
1745203838.7452555,9043200,72.61772918701172
1745203846.0657103,9048000,63.668113708496094
1745203847.932874,9049200,66.3603515625
1745203868.1586018,9062400,68.63923645019531
1745203870.0400333,9063600,32.46582794189453
1745203871.8678606,9064800,49.06760787963867
1745203877.3787317,9068400,45.01272964477539
1745203882.9437487,9072000,43.29936599731445
1745203884.82385,9073200,63.8760871887207
1745203890.3577383,9076800,-42.88573455810547
1745203903.2007363,9085200,63.45958709716797
1745203904.995411,9086400,59.33131408691406
1745203906.8748255,9087600,45.98637771606445
1745203917.912677,9094800,54.59104537963867
1745203919.7441518,9096000,45.762996673583984
1745203930.859471,9103200,62.63003158569336
1745203932.7331104,9104400,61.21708297729492
1745203934.5693939,9105600,42.988670349121094
1745203936.4007313,9106800,51.38326644897461
1745203938.2962222,9108000,62.223812103271484
1745203941.960373,9110400,46.6109733581543
1745203943.8502855,9111600,49.16363525390625
1745203947.5031738,9114000,49.03287887573242
1745203954.9237967,9118800,56.309471130371094
1745203956.7429957,9120000,63.91701126098633
1745203960.4384046,9122400,-194.96774291992188
1745203962.2624686,9123600,64.71672058105469
1745203965.962219,9126000,47.9914436340332
1745203967.7944798,9127200,53.835391998291016
1745203969.6178935,9128400,66.21074676513672
1745203973.342476,9130800,65.52330780029297
1745203975.171495,9132000,37.65150833129883
1745203980.716843,9135600,51.68681716918945
1745203988.1089714,9140400,61.79365921020508
1745204002.900317,9150000,6.714786529541016
1745204004.7274802,9151200,41.14183807373047
1745204006.5855083,9152400,40.89760971069336
1745204008.4956245,9153600,61.58781433105469
1745204010.3394756,9154800,54.04905319213867
1745204014.0692835,9157200,73.08099365234375
1745204015.8684943,9158400,58.22977066040039
1745204017.6810458,9159600,38.61172103881836
1745204019.5713,9160800,56.208805084228516
1745204023.213096,9163200,46.636329650878906
1745204025.0866957,9164400,62.62802505493164
1745204030.6367629,9168000,72.61265563964844
1745204034.2680037,9170400,55.776954650878906
1745204036.1456892,9171600,48.69508361816406
1745204037.9837587,9172800,45.414756774902344
1745204041.6931927,9175200,60.54934310913086
1745204043.524825,9176400,55.393394470214844
1745204045.360295,9177600,63.02770233154297
1745204047.2270484,9178800,65.49036407470703
1745204054.5287263,9183600,58.210391998291016
1745204056.3955882,9184800,49.61088180541992
1745204060.0730724,9187200,54.845218658447266
1745204063.7751138,9189600,63.7596549987793
1745204069.2513108,9193200,-1790.0452880859375
1745204071.0706983,9194400,53.9813232421875
1745204074.7426848,9196800,46.785701751708984
1745204076.5683906,9198000,58.835289001464844
1745204080.2930493,9200400,51.16310501098633
1745204082.1319618,9201600,46.89691925048828
1745204085.79615,9204000,34.21291732788086
1745204087.629618,9205200,69.76775360107422
1745204089.5109982,9206400,57.83530807495117
1745204091.3640094,9207600,60.66169738769531
1745204093.1991804,9208800,63.08491134643555
1745204095.0794032,9210000,52.86579895019531
1745204096.9242823,9211200,57.11610412597656
1745204102.4291348,9214800,63.41923904418945
1745204104.2733092,9216000,44.644351959228516
1745204106.1427233,9217200,40.73152160644531
1745204107.9757864,9218400,76.75031280517578
1745204115.3907733,9223200,59.58717727661133
1745204117.2243893,9224400,51.52825164794922
1745204119.0503466,9225600,42.37738800048828
1745204126.4721851,9230400,59.361541748046875
1745204128.3216639,9231600,57.97836685180664
1745204132.0352077,9234000,59.88649368286133
1745204135.7320907,9236400,58.49058151245117
1745204145.041992,9242400,61.81272506713867
1745204148.7811596,9244800,27.2807674407959
1745204167.269136,9256800,61.124000549316406
1745204172.8017776,9260400,66.35906219482422
1745204176.5013766,9262800,56.04182434082031
1745204182.0209775,9266400,42.59315872192383
1745204183.859029,9267600,49.967437744140625
1745204185.7358878,9268800,38.983924865722656
1745204189.411188,9271200,58.2735595703125
1745204191.2829735,9272400,20.000228881835938
1745204193.112579,9273600,63.2874870300293
1745204194.9477966,9274800,63.083255767822266
1745204198.6663358,9277200,59.743961334228516
1745204202.384018,9279600,73.23754119873047
1745204213.4922404,9286800,59.128746032714844
1745204215.3401523,9288000,58.56842803955078
1745204217.1436222,9289200,57.728424072265625
1745204220.8317497,9291600,43.43977737426758
1745204222.6726189,9292800,61.91419219970703
1745204224.5587885,9294000,63.66773986816406
1745204228.2879872,9296400,62.13490295410156
1745204231.9584458,9298800,68.67525482177734
1745204239.3392487,9303600,61.05418395996094
1745204241.1477752,9304800,42.859066009521484
1745204242.9748697,9306000,52.44221115112305
1745204248.5181901,9309600,62.80525207519531
1745204252.2136302,9312000,55.589752197265625
1745204253.9916148,9313200,-579.6585693359375
1745204255.8578508,9314400,67.3756332397461
1745204259.504709,9316800,55.3951301574707
1745204261.3824363,9318000,21.028470993041992
1745204263.2200108,9319200,39.678070068359375
1745204265.014396,9320400,-1812.139892578125
1745204266.894252,9321600,17.139610290527344
1745204270.5724957,9324000,65.89167022705078
1745204274.2493136,9326400,57.08278274536133
1745204277.927001,9328800,54.168617248535156
1745204289.0699599,9336000,64.73174285888672
1745204292.7664986,9338400,66.10147094726562
1745204294.6171722,9339600,68.14298248291016
1745204296.437034,9340800,50.02597427368164
1745204298.3141239,9342000,61.131378173828125
1745204300.1655521,9343200,61.74103927612305
1745204302.0059285,9344400,54.460670471191406
1745204303.8815906,9345600,60.58010482788086
1745204305.7205718,9346800,55.516517639160156
1745204307.5672197,9348000,43.48031997680664
1745204309.4313946,9349200,72.79617309570312
1745204311.2500565,9350400,-219.6751708984375
1745204314.959779,9352800,61.52373123168945
1745204316.7932463,9354000,67.83857727050781
1745204318.6154447,9355200,65.18624114990234
1745204327.876846,9361200,58.83308029174805
1745204329.7254355,9362400,43.25741958618164
1745204331.6363072,9363600,58.213504791259766
1745204333.4768212,9364800,59.47080612182617
1745204335.317579,9366000,56.49564743041992
1745204337.2100768,9367200,60.56370544433594
1745204339.0473745,9368400,63.3335075378418
1745204340.8877158,9369600,43.61333084106445
1745204342.7676213,9370800,49.88976287841797
1745204346.4945912,9373200,67.47744750976562
1745204348.3273382,9374400,19.074087142944336
1745204353.8462336,9378000,64.27696228027344
1745204355.690434,9379200,10.638659477233887
1745204357.5776362,9380400,42.439815521240234
1745204359.4216387,9381600,59.24652862548828
1745204363.173627,9384000,30.154199600219727
1745204366.8593304,9386400,51.33464813232422
1745204370.565211,9388800,59.22911071777344
1745204374.2318656,9391200,-1720.0826416015625
1745204376.065782,9392400,32.334808349609375
1745204377.9024568,9393600,55.338722229003906
1745204383.4352775,9397200,49.42807388305664
1745204385.2961063,9398400,64.45011901855469
1745204392.6463728,9403200,65.50116729736328
1745204394.4846926,9404400,64.22276306152344
1745204396.3634465,9405600,59.189266204833984
1745204398.1996646,9406800,35.152103424072266
1745204407.4621506,9412800,57.96345901489258
1745204409.3034759,9414000,49.73255920410156
1745204412.995737,9416400,18.363492965698242
1745204414.826343,9417600,67.93578338623047
1745204416.6759381,9418800,-1518.4776611328125
1745204418.536045,9420000,57.167076110839844
1745204420.409672,9421200,50.006351470947266
1745204425.9965742,9424800,52.64604568481445
1745204427.8981524,9426000,60.172245025634766
1745204429.7336166,9427200,65.09437561035156
1745204431.57745,9428400,63.74104309082031
1745204433.4586163,9429600,58.3868408203125
1745204437.1171713,9432000,45.6449089050293
1745204438.9823651,9433200,58.09402084350586
1745204440.7766585,9434400,38.13231658935547
1745204442.606825,9435600,50.466270446777344
1745204444.4846315,9436800,70.69552612304688
1745204446.2958603,9438000,10.670623779296875
1745204448.1160777,9439200,-109.89480590820312
1745204449.9797862,9440400,4.248464584350586
1745204451.812536,9441600,57.4444694519043
1745204453.6480684,9442800,48.994449615478516
1745204455.5303452,9444000,56.37423324584961
1745204459.211864,9446400,61.39094161987305
1745204461.0852816,9447600,63.12240982055664
1745204462.890651,9448800,-1528.3375244140625
1745204464.7655268,9450000,67.315185546875
1745204466.5936234,9451200,67.17900848388672
1745204470.2601833,9453600,67.29572296142578
1745204472.0969996,9454800,63.51966094970703
1745204475.7858927,9457200,36.80345153808594
1745204477.6147227,9458400,61.65614318847656
1745204479.4428136,9459600,52.181556701660156
1745204483.1260533,9462000,43.45677185058594
1745204486.8534434,9464400,68.48785400390625
1745204488.6901846,9465600,68.80186462402344
1745204490.5312533,9466800,76.0837173461914
1745204492.414484,9468000,57.661460876464844
1745204494.2582204,9469200,59.35869216918945
1745204496.0573614,9470400,-1824.2572021484375
1745204499.7631092,9472800,66.24304962158203
1745204501.5877059,9474000,61.249366760253906
1745204507.131944,9477600,59.5963249206543
1745204509.0077393,9478800,63.410945892333984
1745204510.8717878,9480000,54.74863052368164
1745204512.6814792,9481200,16.637693405151367
1745204514.5636115,9482400,37.598304748535156
1745204516.3910897,9483600,64.97533416748047
1745204518.2279618,9484800,53.007591247558594
1745204521.903052,9487200,30.90243148803711
1745204523.7679636,9488400,53.9323616027832
1745204525.5918164,9489600,62.50806427001953
1745204531.124472,9493200,55.4517707824707
1745204532.9086845,9494400,-1739.085205078125
1745204536.6172185,9496800,30.26202964782715
1745204538.4588618,9498000,54.388763427734375
1745204544.0104084,9501600,42.93213653564453
1745204545.884307,9502800,32.747764587402344
1745204547.7005537,9504000,40.01205825805664
1745204549.5410347,9505200,56.33775329589844
1745204551.4226809,9506400,56.86697006225586
1745204553.2585027,9507600,59.12823486328125
1745204555.1115463,9508800,58.419761657714844
1745204557.0035117,9510000,62.68885803222656
1745204560.7058449,9512400,62.80030822753906
1745204562.596604,9513600,60.43937683105469
1745204568.1183064,9517200,62.674720764160156
1745204571.8005075,9519600,56.39975357055664
1745204575.4794874,9522000,-15.620155334472656
1745204579.2021534,9524400,58.82496643066406
1745204581.032973,9525600,50.155189514160156
1745204582.915092,9526800,61.01852798461914
1745204584.7458384,9528000,48.56822967529297
1745204586.575311,9529200,40.069175720214844
1745204588.4562328,9530400,34.97492218017578
1745204590.2769454,9531600,-221.2986602783203
1745204593.9781694,9534000,59.34518814086914
1745204597.6560273,9536400,41.95390701293945
1745204599.5281048,9537600,47.89249038696289
1745204601.3783662,9538800,45.13352966308594
1745204605.0950103,9541200,66.0530776977539
1745204610.6566465,9544800,59.36173629760742
1745204614.3311102,9547200,65.0921401977539
1745204616.213404,9548400,53.15241241455078
1745204618.0618944,9549600,58.36393737792969
1745204623.6100857,9553200,-87.1856460571289
1745204625.4544983,9554400,40.95941162109375
1745204627.3449714,9555600,76.64741516113281
1745204632.9348068,9559200,63.38652420043945
1745204636.6136715,9561600,69.65541076660156
1745204638.4935565,9562800,42.709102630615234
1745204640.316537,9564000,41.054901123046875
1745204642.1846879,9565200,47.3267822265625
1745204644.0115223,9566400,67.41947174072266
1745204645.839623,9567600,27.970016479492188
1745204651.3452692,9571200,-52.38684844970703
1745204653.2191792,9572400,43.70014572143555
1745204655.0143068,9573600,66.85686492919922
1745204656.8250394,9574800,58.77315139770508
1745204662.3649948,9578400,47.74199295043945
1745204667.8848057,9582000,75.05842590332031
1745204671.5447369,9584400,59.25482177734375
1745204673.336112,9585600,24.939756393432617
1745204675.2018344,9586800,-157.16940307617188
1745204677.0345948,9588000,45.84847640991211
1745204678.8588667,9589200,64.62998962402344
1745204682.564305,9591600,62.38079071044922
1745204684.3967843,9592800,59.226341247558594
1745204689.9475086,9596400,64.17388153076172
1745204707.9939272,9601200,44.076271057128906
1745204711.687501,9603600,71.06790161132812
1745204713.5199502,9604800,44.77617263793945
1745204715.342185,9606000,37.43727111816406
1745204717.2068918,9607200,57.706722259521484
1745204720.8667598,9609600,47.59933090209961
1745204722.7395356,9610800,55.4459228515625
1745204724.5736945,9612000,60.47338104248047
1745204726.4033163,9613200,61.368896484375
1745204728.2657135,9614400,56.80918502807617
1745204730.088915,9615600,56.86679458618164
1745204731.9229922,9616800,58.77579879760742
1745204733.802181,9618000,56.955902099609375
1745204735.636273,9619200,59.100223541259766
1745204739.3334825,9621600,64.51448822021484
1745204741.1604238,9622800,57.44927978515625
1745204744.8748188,9625200,60.5226936340332
1745204746.7042098,9626400,65.488037109375
1745204748.549525,9627600,61.7924690246582
1745204750.4454648,9628800,52.656639099121094
1745204752.276216,9630000,61.519752502441406
1745204754.0971327,9631200,57.37663650512695
1745204755.962242,9632400,26.202974319458008
1745204757.7887743,9633600,75.32178497314453
1745204761.4949577,9636000,30.20831871032715
1745204763.3353987,9637200,57.05857849121094
1745204765.1365693,9638400,53.08444595336914
1745204768.8419523,9640800,63.24282455444336
1745204772.5496912,9643200,54.98269271850586
1745204776.2626739,9645600,65.18589782714844
1745204778.0967622,9646800,-6.268195152282715
1745204779.9418502,9648000,52.70463180541992
1745204781.81635,9649200,43.76564407348633
1745204783.6652842,9650400,47.15148162841797
1745204785.5855734,9651600,60.454978942871094
1745204789.4723945,9654000,58.539634704589844
1745204791.393007,9655200,60.30998611450195
1745204797.1797469,9658800,60.12122344970703
1745204799.1374485,9660000,66.36509704589844
1745204801.0208657,9661200,59.18585205078125
1745204802.8593647,9662400,69.4104995727539
1745204804.8168755,9663600,61.996944427490234
1745204806.737286,9664800,55.99759292602539
1745204808.6431823,9666000,64.92388153076172
1745204810.645918,9667200,62.18595504760742
1745204812.5657842,9668400,60.23064041137695
1745204814.492814,9669600,44.37895965576172
1745204816.4328299,9670800,61.221412658691406
1745204818.348984,9672000,38.02743911743164
1745204820.246479,9673200,-106.96904754638672
1745204822.2310731,9674400,31.953990936279297
1745204824.1454635,9675600,55.01573944091797
1745204826.0432403,9676800,58.08686447143555
1745204827.9121222,9678000,49.77914810180664
1745204829.8260427,9679200,51.05425262451172
1745204831.7928534,9680400,58.1579475402832
1745204833.7168849,9681600,53.31391906738281
1745204835.624127,9682800,27.190166473388672
1745204837.6070178,9684000,8.733588218688965
1745204839.5311103,9685200,51.07395553588867
1745204841.473838,9686400,-86.42025756835938
1745204843.4549925,9687600,61.477203369140625
1745204847.3116755,9690000,61.59994888305664
1745204849.2944255,9691200,55.4671516418457
1745204853.0832195,9693600,64.0887451171875
1745204855.0584702,9694800,52.23187255859375
1745204856.9417033,9696000,4.048437595367432
1745204858.7695222,9697200,68.70062255859375
1745204860.6632257,9698400,59.098388671875
1745204864.3646162,9700800,61.19718551635742
1745204868.1033218,9703200,51.78736877441406
1745204869.9752777,9704400,61.400657653808594
1745204871.8585427,9705600,45.78792190551758
1745204873.6910605,9706800,82.42786407470703
1745204882.9359007,9712800,49.79514694213867
1745204884.763105,9714000,20.4757137298584
1745204886.5892258,9715200,69.69525909423828
1745204888.4625893,9716400,55.60778045654297
1745204890.2916825,9717600,41.64715576171875
1745204892.1596744,9718800,77.07701873779297
1745204893.9949586,9720000,55.905452728271484
1745204895.8172848,9721200,81.37631225585938
1745204897.6880815,9722400,73.37230682373047
1745204899.5124357,9723600,61.86662292480469
1745204901.3799963,9724800,61.323028564453125
1745204903.2699153,9726000,66.44398498535156
1745204905.0903373,9727200,21.910221099853516
1745204906.9269505,9728400,53.294742584228516
1745204908.7957678,9729600,41.808387756347656
1745204912.466509,9732000,71.97905731201172
1745204916.1717951,9734400,56.35115051269531
1745204919.8865397,9736800,43.586849212646484
1745204921.71059,9738000,63.80686569213867
1745204923.525703,9739200,-246.77882385253906
1745204925.3936374,9740400,31.444194793701172
1745204927.207471,9741600,53.95743179321289
1745204929.0277164,9742800,43.657569885253906
1745204930.911996,9744000,22.928852081298828
1745204932.738821,9745200,61.551631927490234
1745204934.5624104,9746400,64.69493865966797
1745204941.9301114,9751200,33.02985763549805
1745204943.7414794,9752400,62.79962158203125
1745204945.564675,9753600,4.753719806671143
1745204947.4351099,9754800,63.256343841552734
1745204949.2564714,9756000,62.02668380737305
1745204951.1356251,9757200,60.03273391723633
1745204952.9601016,9758400,62.22201156616211
1745204956.614789,9760800,57.88684844970703
1745204958.4359205,9762000,47.51308059692383
1745204962.1425936,9764400,46.56623840332031
1745204963.97431,9765600,56.734928131103516
1745204967.6832397,9768000,53.6413459777832
1745204969.5078006,9769200,57.303550720214844
1745204971.3206863,9770400,-0.9909743666648865
1745204973.1791754,9771600,57.977882385253906
1745204974.992756,9772800,56.55580139160156
1745204976.8231232,9774000,-13.114140510559082
1745204978.7068362,9775200,64.57284545898438
1745204980.5449927,9776400,62.40602111816406
1745204982.3761082,9777600,63.87057876586914
1745204986.093456,9780000,63.33349609375
1745204987.9230185,9781200,52.68641662597656
1745204989.7831867,9782400,73.41850280761719
1745204991.620798,9783600,64.88304138183594
1745204993.4410636,9784800,66.17133331298828
1745204997.129172,9787200,53.154090881347656
1745204998.9546824,9788400,55.52438735961914
1745205000.8234875,9789600,59.77001953125
1745205002.6483266,9790800,68.30725860595703
1745205004.486701,9792000,36.98307800292969
1745205006.3504524,9793200,58.14102554321289
1745205008.1774015,9794400,54.921688079833984
1745205010.0465896,9795600,60.454246520996094
1745205011.8722057,9796800,56.56913375854492
1745205013.7071753,9798000,51.053775787353516
1745205015.5808125,9799200,72.8483657836914
1745205017.39695,9800400,55.07819366455078
1745205019.229814,9801600,58.93667221069336
1745205021.120051,9802800,64.5775375366211
1745205024.7537754,9805200,50.07938766479492
1745205026.6365366,9806400,43.855281829833984
1745205028.4602957,9807600,53.754127502441406
1745205030.2794573,9808800,47.91020584106445
1745205032.144334,9810000,70.74345397949219
1745205035.787953,9812400,67.11915588378906
1745205041.3080127,9816000,54.788665771484375
1745205043.1758673,9817200,61.41136932373047
1745205044.9933558,9818400,45.960453033447266
1745205046.8184946,9819600,50.14898681640625
1745205048.6827924,9820800,29.677722930908203
1745205050.5392752,9822000,43.4167366027832
1745205052.3738272,9823200,61.12571716308594
1745205054.2513063,9824400,51.44578170776367
1745205056.0792031,9825600,34.139869689941406
1745205057.9187417,9826800,39.352481842041016
1745205059.793205,9828000,32.60649490356445
1745205061.6068504,9829200,59.89909362792969
1745205063.43386,9830400,53.54627990722656
1745205067.1313424,9832800,64.26927947998047
1745205069.0067623,9834000,56.40876007080078
1745205070.8331535,9835200,60.058815002441406
1745205072.6451225,9836400,45.393104553222656
1745205074.5059986,9837600,5.590596675872803
1745205076.3329587,9838800,47.091148376464844
1745205078.1560214,9840000,75.4972152709961
1745205080.0458589,9841200,34.687255859375
1745205081.863246,9842400,61.32589340209961
1745205083.6834211,9843600,48.359413146972656
1745205085.560717,9844800,56.91007614135742
1745205089.207684,9847200,36.605289459228516
1745205091.0652168,9848400,65.69847869873047
1745205092.8960721,9849600,57.1464958190918
1745205094.7173195,9850800,62.225582122802734
1745205096.5891712,9852000,59.043212890625
1745205098.4067712,9853200,58.667442321777344
1745205100.2337682,9854400,53.434932708740234
1745205102.1000285,9855600,62.491188049316406
1745205103.922882,9856800,61.95005416870117
1745205105.741629,9858000,54.367401123046875
1745205107.604529,9859200,61.84021759033203
1745205109.4313095,9860400,61.6375617980957
1745205111.27258,9861600,45.79676055908203
1745205113.1322224,9862800,73.76277160644531
1745205114.952211,9864000,-412.51751708984375
1745205116.7938535,9865200,59.808006286621094
1745205118.6664512,9866400,59.65397262573242
1745205122.3383276,9868800,64.60807800292969
1745205126.0472257,9871200,56.83943176269531
1745205127.9151828,9872400,58.37847137451172
1745205129.7018628,9873600,64.86976623535156
1745205131.5377922,9874800,58.46059036254883
1745205135.2360418,9877200,55.206844329833984
1745205137.0641,9878400,55.75950622558594
1745205138.9335318,9879600,72.47542572021484
1745205140.782101,9880800,63.41116714477539
1745205144.4772272,9883200,61.41104507446289
1745205148.123193,9885600,60.612117767333984
1745205149.9950008,9886800,43.105812072753906
1745205151.8231897,9888000,35.95466995239258
1745205153.6455977,9889200,63.07126998901367
1745205155.5119274,9890400,62.1529655456543
1745205157.3413672,9891600,33.85504150390625
1745205159.1371293,9892800,61.11532211303711
1745205161.0042686,9894000,59.93836212158203
1745205162.8324978,9895200,60.104774475097656
1745205164.6474683,9896400,79.84687805175781
1745205166.5186763,9897600,7.935764789581299
1745205168.3515322,9898800,39.78682327270508
1745205170.2019663,9900000,59.61488342285156
1745205172.0695977,9901200,65.77373504638672
1745205173.8912916,9902400,59.07368850708008
1745205175.714959,9903600,49.593936920166016
1745205177.5916607,9904800,49.44156265258789
1745205179.415717,9906000,45.064910888671875
1745205181.236711,9907200,68.91445922851562
1745205183.1104488,9908400,48.956119537353516
1745205184.934344,9909600,37.85271453857422
1745205188.6493866,9912000,64.43919372558594
1745205190.4763246,9913200,62.95133972167969
1745205192.34739,9914400,41.36703872680664
1745205194.1620004,9915600,47.31098937988281
1745205195.9976578,9916800,66.24991607666016
1745205197.8869438,9918000,59.45176315307617
1745205199.7288845,9919200,51.38950729370117
1745205201.5782883,9920400,51.69277572631836
1745205205.2652526,9922800,53.655601501464844
1745205207.1000926,9924000,61.10860824584961
1745205208.9846396,9925200,49.49461364746094
1745205210.8150094,9926400,29.13927459716797
1745205212.6491137,9927600,59.721641540527344
1745205214.5354686,9928800,62.29505920410156
1745205216.3649657,9930000,49.480316162109375
1745205218.190089,9931200,-53.752803802490234
1745205220.0623665,9932400,62.932762145996094
1745205221.8778067,9933600,60.92290496826172
1745205223.697565,9934800,64.15023803710938
1745205225.5728614,9936000,38.39126205444336
1745205227.3988338,9937200,52.19398880004883
1745205229.224164,9938400,58.001670837402344
1745205231.114025,9939600,-6.583382606506348
1745205232.9364572,9940800,58.678646087646484
1745205234.7599814,9942000,57.997825622558594
1745205236.6319776,9943200,66.7162857055664
1745205238.4682832,9944400,60.04322814941406
1745205240.2873323,9945600,49.09021759033203
1745205242.159509,9946800,71.6554183959961
1745205243.9814777,9948000,53.764320373535156
1745205245.8505313,9949200,42.046974182128906
1745205247.6700304,9950400,60.56989288330078
1745205249.5012298,9951600,50.064212799072266
1745205251.370625,9952800,77.59442138671875
1745205253.1996884,9954000,59.16264724731445
1745205254.9900842,9955200,66.30225372314453
1745205256.8613622,9956400,62.490264892578125
1745205258.6978898,9957600,64.78251647949219
1745205260.552329,9958800,68.80354309082031
1745205262.4301007,9960000,43.869720458984375
1745205264.2407777,9961200,60.17679977416992
1745205266.0639443,9962400,30.511186599731445
1745205267.944077,9963600,44.6380729675293
1745205269.7603462,9964800,-19.219266891479492
1745205271.5807848,9966000,59.0689697265625
1745205273.4436295,9967200,61.96916961669922
1745205275.2774153,9968400,66.31195831298828
1745205277.1025517,9969600,51.395057678222656
1745205278.9743574,9970800,64.71298217773438
1745205280.7986493,9972000,38.28491973876953
1745205282.6205945,9973200,61.377716064453125
1745205284.4820673,9974400,38.77699661254883
1745205286.3110616,9975600,46.47782516479492
1745205288.0975177,9976800,69.35978698730469
1745205289.9770653,9978000,39.21137619018555
1745205291.7966561,9979200,67.97308349609375
1745205293.629579,9980400,56.02300262451172
1745205295.5067527,9981600,57.443912506103516
1745205297.3286893,9982800,-185.55215454101562
1745205299.161658,9984000,60.06617736816406
1745205301.0351233,9985200,50.600215911865234
1745205302.8618646,9986400,63.925697326660156
1745205304.7353919,9987600,66.2334213256836
1745205306.5173028,9988800,61.855865478515625
1745205308.3421636,9990000,63.262168884277344
1745205310.2108068,9991200,52.38151550292969
1745205312.0377128,9992400,62.88151931762695
1745205313.8651788,9993600,58.155616760253906
1745205315.7289135,9994800,48.582969665527344
1745205317.551486,9996000,63.20777893066406
1745205319.3749995,9997200,59.02055358886719
1745205321.2673273,9998400,43.488121032714844
1745205323.1004221,9999600,63.26744079589844
